1,1.96194,2.815493,3.506835,4.006835,4.315493,4.461939,4.5,4.5,4.53806,4.684506,4.993165,5.493165,6.184507,7.03806,8,
0.8135731,1.779279,2.643988,3.353446,3.877825,4.216189,4.396527,4.471363,4.509607,4.585911,4.769133,5.111683,5.641389,6.357111,7.22878,8.201875,
0.6478797,1.265196,1.962023,2.715392,3.311128,3.745552,4.042962,4.25138,4.434587,4.661664,4.919734,5.332624,5.925642,6.695215,7.609205,8.611464,
0.5036959,0.980487,1.526113,1.95952,2.428645,2.959509,3.390042,3.763152,4.136289,4.571235,5.11455,5.635205,6.327414,7.183975,8.16941,9.224824,
0.3810797,0.7388055,1.154315,1.474789,1.832773,2.09466,2.458535,2.9947,3.57168,4.243421,5.055898,5.99487,6.822847,7.801581,8.891083,10.02846,
0.2794214,0.5388981,0.845297,1.073199,1.339527,1.537434,1.847728,2.178875,2.757095,3.66112,4.745337,6.027535,7.38374,8.520308,9.748377,10.99992,
0.1975178,0.3783256,0.5958809,0.7506702,0.9443808,1.096162,1.369416,1.697269,2.286332,3.051025,4.200906,5.776073,7.574324,9.30762,10.70908,12.10876,
0.1336682,0.2536556,0.4013074,0.5009669,0.6400071,0.7621705,1.013952,1.352507,1.964859,2.787767,4.008821,5.501484,7.416543,9.723079,11.73583,13.31788,
0.08578645,0.1606864,0.2555586,0.3161121,0.4167736,0.5239303,0.768221,1.129582,1.776113,2.666466,3.966461,5.569764,7.501484,9.78376,12.3832,14.58481,
0.05152426,0.09469464,0.1517183,0.1868653,0.2633193,0.3677357,0.616409,1.010277,1.699758,2.664346,4.002095,5.731588,7.760511,10.07584,12.6632,15.459,
0.02840248,0.05069762,0.00853958,3.552714E-15,0.01546613,0.07612052,0.2014091,0.4049788,0.6913419,1.053825,1.474168,1.92388,2.367217,2.765367,3.081251,3.284268,
0.01394258,0.02371666,0.01030007,0.002545374,0.03056012,0.1219712,0.325359,0.673146,1.182764,1.851296,2.653051,3.54055,4.44889,5.302926,6.026284,6.550927,
0.00579433,0.009032594,0.01718085,0.01883966,0.04953579,0.1662119,0.4148644,0.8564928,1.5267,2.434857,3.558403,4.841823,6.200666,7.530141,8.71714,9.654032,
0.001854133,0.002422712,0.007455929,0.02586852,0.08125648,0.2106338,0.4959829,0.99528,1.772228,2.853874,4.22945,5.846091,7.610875,9.399076,11.06763,12.47192,
0.0003692043,0.0003692043,0.005092404,0.02795617,0.1007685,0.2620644,0.5683596,1.1133,1.95722,3.154912,4.712922,6.589839,8.695071,10.89514,13.02682,14.91538,
2.318693E-05,0.0002305316,0.005453638,0.03189505,0.1109451,0.2940294,0.6372222,1.208511,2.103692,3.373975,5.053432,7.117763,9.487636,12.03174,14.57795,16.93128,
0,0.0003692066,0.006024862,0.03385613,0.1176815,0.3084629,0.6751092,1.285102,2.208511,3.531933,5.285789,7.473231,10.03198,12.84192,15.73305,18.50146,
2.318693E-05,0.0002073447,0.005291778,0.03225628,0.1158164,0.310106,0.6836207,1.31526,2.275495,3.625266,5.430454,7.69063,10.37103,13.36864,16.52472,19.63751,
0.0003692066,2.318693E-05,0.003261451,0.02574077,0.1024869,0.287964,0.6543501,1.285148,2.262877,3.658178,5.484313,7.790842,10.53961,13.6553,16.99639,20.37248,
0.001854138,0.0005917689,0.001116203,0.0168591,0.08142114,0.2492555,0.5933558,1.198151,2.1505,3.528058,5.384644,7.740458,10.54105,13.73802,17.19278,20.75117,
0.00579433,0.004176053,0,0.008539591,0.04699042,0.1356518,0.2928932,0.5311338,0.8535535,1.252093,1.707107,2.188772,2.660116,3.081251,3.414214,3.627748,
0.0139426,0.0148665,0.001760497,0.002545368,0.03310546,0.1456047,0.3848901,0.7646301,1.308919,2.013507,2.851319,3.773489,4.713782,5.595824,6.342168,6.88389,
0.02840252,0.03623778,0.01447615,0.001760497,0.01722659,0.09413192,0.3106349,0.7519922,1.455972,2.362744,3.487675,4.775198,6.140706,7.479149,8.677074,9.626436,
0.05152424,0.07157287,0.04616756,0.005177964,0.006103797,0.05338408,0.2168621,0.580479,1.242172,2.286757,3.698373,5.252802,6.965946,8.715063,10.35859,11.75287,
0.08578645,0.1264241,0.1059896,0.03335973,0.005177964,0.0281413,0.1343176,0.4207955,0.9790231,1.894439,3.243775,5.068753,7.252802,9.333163,11.37518,13.20757,
0.1336683,0.2057738,0.2023656,0.1004727,0.01046522,0.01139104,0.07474889,0.2844863,0.7297597,1.511294,2.701511,4.344897,6.459411,9.01713,11.76138,13.98398,
0.1975179,0.3144761,0.3414256,0.2209492,0.06161032,0.01046522,0.04035505,0.1712267,0.513353,1.156636,2.173571,3.626247,5.530498,7.86313,10.57206,13.56629,
0.2794215,0.4569947,0.5192169,0.4081386,0.1789954,0.01755041,0.01833525,0.09468047,0.3389151,0.8376464,1.687011,2.94075,4.617103,6.712577,9.174753,11.91876,
0.3810799,0.6371475,0.749888,0.6724873,0.3817591,0.09858539,0.01755041,0.05274155,0.1999729,0.5749493,1.258524,2.303753,3.754973,5.60256,7.798377,10.27873,
0.5036957,0.8578709,1.03859,1.013507,0.6871298,0.2792616,0.02608792,0.0266124,0.1108776,0.3725957,0.8884481,1.743306,2.968784,4.556875,6.487501,8.692373,
0.6478797,1.121012,0.5311337,0.4049786,0.2621609,0.1299458,0.03519118,5.551115E-15,0.03806024,0.1522409,0.3338226,0.5634914,0.8139595,1.053825,1.252094,1.382684,
0.8135732,1.427159,1.213182,0.9429312,0.6331511,0.3393006,0.1162261,0.009423194,0.00960736,0.09551932,0.3550453,0.7609991,1.211716,1.677905,2.098098,2.415908,
1,1.775513,2.280713,1.760428,1.275969,0.780174,0.3574274,0.08267461,0.009423194,0.04748339,0.1941142,0.5506243,1.163704,1.903058,2.531459,3.060038,
1.205642,2.163815,2.819786,2.76847,2.091156,1.368986,0.7168204,0.2401983,0.01903057,0.01884637,0.09988125,0.3378731,0.774459,1.459567,2.383704,3.310738,
1.428241,2.588326,3.415909,3.873611,3.222613,2.266637,1.34507,0.5955803,0.1303423,0.01884637,0.05403752,0.1839833,0.4919877,1.005012,1.710571,2.608016,
1.664835,3.043861,4.062521,4.674242,4.57722,3.370118,2.155695,1.10465,0.3625239,0.02809257,0.02738388,0.09776028,0.2981544,0.6506047,1.186311,1.883245,
1.911813,3.523882,4.750967,5.536688,5.861885,4.818403,3.30531,1.914481,0.8262922,0.1745954,0.02738388,0.05727378,0.1625243,0.4044199,0.7924569,1.301224,
2.165009,4.020646,5.470678,6.448428,6.925558,6.512201,4.685358,2.933722,1.473312,0.4740604,0.03596262,0.03446908,0.09002828,0.2424855,0.4969175,0.8686373,
2.419799,4.525397,6.209417,7.394557,8.042781,8.151179,6.428176,4.313005,2.445355,1.032583,0.2123553,0.03446908,0.05743238,0.1335528,0.3018005,0.5589451,
2.671242,5.028601,6.953611,8.358171,9.19418,9.458795,8.426967,5.936892,3.644835,1.796245,0.5673081,0.04217569,0.03975631,0.07859536,0.1800737,0.3373425,
2.914214,5.520222,2.660117,2.367218,2,1.594353,1.187643,0.8139597,0.5000001,0.2621609,0.1052505,0.02296332,1.421085E-14,0.0154661,0.04699042,0.07489988,
3.143566,5.990013,5.539552,4.941574,4.190747,3.35948,2.523272,1.751179,1.097545,0.5961525,0.2576056,0.07024351,0.004343293,0.003417481,0.02617899,0.08139801,
3.354281,6.427835,9.071264,7.99984,6.925182,5.689006,4.40415,3.178688,2.102847,1.238971,0.6159251,0.2286512,0.04277277,0.003417481,0.01195706,0.03425219,
3.541628,6.823957,9.688751,11.24063,9.833802,8.181008,6.432873,4.737051,3.220305,1.974261,1.0468,0.440231,0.1162698,0.006888661,0.005177982,0.01495208,
3.701313,7.169376,10.23817,12.77,13.18497,11.18034,8.995338,6.816197,4.810026,3.105717,1.781102,0.8580818,0.3062018,0.05385775,0.005177982,0.008416233,
3.829616,7.456093,10.70686,13.43658,15.53905,14.31026,11.68271,9.012141,6.50634,4.331855,2.596925,1.34355,0.5496383,0.1405523,0.007981673,0.005746564,
3.92351,7.677375,11.08384,13.99113,16.28556,17.83304,14.83397,11.7052,8.693871,6.007758,3.793214,2.123008,0.9953985,0.3442398,0.05818901,0.005746564,
3.980762,7.827968,11.36018,14.42051,16.88892,18.6904,18.06783,14.48215,10.96447,7.763807,5.064738,2.970994,1.501438,0.5987361,0.148875,0.008189016,
4,7.904272,11.52928,14.71446,17.33472,19.30872,20.60221,17.67897,13.69559,9.981902,6.763996,4.183992,2.291783,1.050604,0.3551186,0.05876556,
3.980762,7.88522,11.58708,14.86595,17.61226,19.73956,21.20724,20.91282,16.47254,12.2525,8.520044,5.455517,3.139769,1.556643,0.6096148,0.1494515,
3.92351,7.771269,3.627748,3.284268,2.848979,2.360388,1.859047,1.382683,0.9619396,0.6173165,0.3577257,0.1808077,0.07489991,0.02229515,0.003238251,3.552714E-15,
3.829615,7.584395,7.165231,6.482677,5.618032,4.648076,3.653638,2.709857,1.877674,1.197732,0.6874964,0.3419055,0.1373167,0.03803802,0.004331254,0.0005685877,
3.701312,7.32906,10.87158,9.907408,8.713436,7.325438,5.862086,4.438314,3.151971,2.073488,1.23998,0.654475,0.2902148,0.09918235,0.02338815,0.007045116,
3.541628,7.011303,10.4319,13.18219,11.6678,9.873184,7.954408,6.065686,4.341195,2.880545,1.739863,0.9296529,0.419456,0.1484016,0.03979852,0.01734363,
3.354281,6.638548,9.907145,12.85792,14.79963,12.7037,10.39883,8.075865,5.90744,4.028686,2.524135,1.422606,0.7005013,0.2927602,0.1094825,0.05545746,
3.143566,6.219365,9.309515,12.09234,14.67225,15.35681,12.68298,9.945451,7.354572,5.080165,3.234309,1.863264,0.9494623,0.4228735,0.1797028,0.1052641,
2.914213,5.763191,8.65266,11.2467,13.67673,15.68669,15.22697,12.15001,9.173409,6.503592,4.286292,2.594379,1.426949,0.719385,0.3625123,0.227553,
2.671241,5.280043,7.951228,10.34016,12.60104,14.46233,16.12719,14.18498,10.84791,7.80972,5.248773,3.263485,1.868551,1.003768,0.5536665,0.3745904,
2.419799,4.780188,7.220401,9.392694,11.46946,13.16915,14.71599,15.90614,12.86112,9.496343,6.59684,4.292505,2.622629,1.541908,0.9388391,0.6633076,
2.165008,4.27384,6.475427,8.424443,10.30673,11.83622,13.25357,14.3428,14.71585,11.0542,7.84748,5.255858,3.342008,2.074324,1.34416,0.9939513,
1.911813,3.77086,1.707107,1.474168,1.187643,0.8803199,0.5857864,0.3338224,0.1464466,0.03519117,7.993606E-15,0.02988989,0.1052505,0.2014091,0.2928934,0.3577258,
1.664834,3.280452,3.181301,2.7325,2.182432,1.59579,1.038672,0.569411,0.2307116,0.04425308,0.008537597,0.07037664,0.2036308,0.398132,0.602852,0.7696849,
1.428241,2.810924,4.29961,4.019263,3.282916,2.466604,1.667028,0.9736158,0.4561476,0.1555085,0.07892001,0.1384835,0.3325376,0.6086096,0.929266,1.220169,
1.205641,2.369454,3.636326,4.719141,4.194683,3.173099,2.160685,1.276825,0.6170784,0.2401349,0.1604795,0.2882753,0.5094741,0.8704908,1.290659,1.708546,
0.9999996,1.961939,3.021133,3.914349,4.827667,4.01875,2.844123,1.791,0.983223,0.5036312,0.3829905,0.4691381,0.7882755,1.200816,1.724045,2.252599,
0.8135732,1.592853,2.461328,3.18194,3.930076,4.494694,3.40058,2.208169,1.286432,0.7410507,0.6176548,0.8101671,1.117362,1.652221,2.245089,2.887859,
0.6478792,1.265195,1.962023,2.528965,3.128467,3.574046,4.095213,2.853546,1.838668,1.221376,1.068527,1.181147,1.624127,2.171188,2.904315,3.627773,
0.5036957,0.9804866,1.526112,1.959519,2.428644,2.773082,3.207381,3.409642,2.330494,1.674262,1.52776,1.783998,2.175936,2.88246,3.645383,4.519935,
0.3810793,0.7388048,1.154314,1.474788,1.832771,2.094659,2.458534,2.808273,3.084258,2.408079,2.260049,2.408081,2.971642,3.650105,4.589568,5.504431,
0.2794213,0.5388978,0.8452964,1.073198,1.339525,1.537433,1.847727,2.178874,2.757094,3.108522,2.989502,3.314711,3.796952,4.669103,5.596901,6.698401,
0.1975175,0.378325,0.1356515,0.07612026,0.02296321,1.74083E-13,0.02988998,0.1299461,0.3086587,0.5634918,0.8803208,1.234634,1.594354,1.923881,2.188773,2.36039,
0.1336681,0.2536554,0.2194536,0.1149593,0.02825044,0.006213108,0.06335793,0.2228773,0.5324012,0.9967021,1.597937,2.296335,3.034257,3.743109,4.352096,4.797575,
0.08578645,0.1606864,0.2555585,0.1899566,0.08140749,0.05121377,0.1114636,0.3255188,0.7228774,1.346361,2.184345,3.192291,4.296335,5.401475,6.403226,7.201076,
0.05152418,0.09469448,0.1517182,0.1868652,0.1193026,0.09849411,0.2035691,0.4454556,0.9230644,1.660097,2.68199,3.949473,5.383039,6.870692,8.280911,9.479026,
0.02840248,0.05069762,0.0823589,0.1032341,0.1671843,0.1954231,0.2999032,0.6085479,1.136797,1.97689,3.134265,4.60587,6.31669,8.148405,9.951942,11.56518,
0.01394254,0.02371659,0.039937,0.05500349,0.1154645,0.2402994,0.4446617,0.7716404,1.386333,2.296752,3.576116,5.200647,7.13088,9.252399,11.40932,13.42162,
0.005794312,0.009032562,0.01718079,0.0322562,0.09546708,0.2376458,0.5331928,0.9757957,1.625194,2.638427,4.003859,5.764888,7.860765,10.21213,12.66661,15.03707,
0.001854133,0.002422712,0.007455911,0.02586849,0.09467302,0.255771,0.5674168,1.113608,1.891531,2.952369,4.43302,6.291548,8.53394,11.05917,13.74962,16.42139,
0.0003692043,0.0003692043,0.005092404,0.02795617,0.1007684,0.2754809,0.6134969,1.184734,2.075548,3.274214,4.811416,6.793408,9.140528,11.81821,14.68692,17.59737,
2.318693E-05,0.0002305316,0.005453638,0.03189505,0.1109451,0.2940294,0.6506387,1.253648,2.175126,3.492303,5.172735,7.216257,9.691205,12.47719,15.50102,18.59138,
0,0.0003692066,0.00579433,0.0284025,0.08578645,0.1975179,0.3810798,0.6478797,1,1.428241,1.911814,2.419799,2.914214,3.354281,3.701313,3.923511,
2.318693E-05,0.0002073447,0.005291778,0.03225628,0.1113914,0.2790474,0.5726756,1.021231,1.638273,2.416755,3.326761,4.316655,5.317595,6.25088,7.037089,7.60577,
0.0003692043,2.318693E-05,0.003261458,0.0257408,0.1024869,0.2879641,0.6367732,1.189992,1.983171,3.020956,4.275802,5.68715,7.165635,8.601864,9.878629,10.88485,
0.001854138,0.0005917689,0.001116203,0.0168591,0.08142114,0.2492555,0.5933558,1.198151,2.105727,3.310345,4.815548,6.563491,8.456203,10.36405,12.13935,13.63341,
0.005794357,0.00417607,0.0005917689,0.009131327,0.0566461,0.1995011,0.5099657,1.073282,1.978042,3.303797,5.017452,7.004319,9.223606,11.53745,13.77826,15.76709,
0.01394257,0.01486649,0.002352255,0.003137148,0.03369728,0.1461965,0.4123897,0.9204766,1.759488,3.011022,4.737222,6.969404,9.529329,12.15932,14.79837,17.24793,
0.02840252,0.03623775,0.01447616,0.002352255,0.01781835,0.0947237,0.3112267,0.7525841,1.50871,2.665643,4.287481,6.409069,9.028318,12.10199,15.24057,18.08264,
0.05152437,0.07157299,0.04616764,0.005769757,0.006695517,0.05397568,0.2174535,0.5810702,1.242763,2.287348,3.781557,5.766397,8.243354,11.17417,14.48211,18.05722,
0.08578672,0.1264246,0.1059899,0.03335989,0.005769757,0.02873295,0.1349089,0.4213863,0.9796134,1.895028,3.244364,5.069342,7.375907,10.13361,13.27069,16.68326,
0.1336683,0.2057741,0.2023659,0.1004729,0.01105701,0.01198284,0.07534068,0.285078,0.730351,1.511884,2.702101,4.345487,6.46,9.017718,11.95288,15.17063,
0.197518,0.3144763,0.1356519,0.07612059,0.02296339,3.197442E-14,0.02988977,0.1299457,0.3086581,0.5634909,0.8803197,1.234633,1.594352,1.923879,2.188771,2.360388,
0.2794219,0.4569952,0.3403929,0.2057734,0.07852283,0.007085248,0.007869968,0.08421499,0.3284493,0.7528625,1.292943,1.93498,2.623502,3.291812,3.870674,4.297603,
0.3810796,0.6371475,0.7498883,0.4667136,0.2369305,0.05993843,0.007085248,0.0422765,0.1895079,0.5644844,1.248059,2.173264,3.122623,4.09767,4.998919,5.729721,
0.5036961,0.8578709,1.03859,0.8346831,0.4847646,0.1787891,0.0156228,0.01614721,0.1004123,0.3621304,0.8779826,1.732841,2.958319,4.380955,5.571865,6.614538,
0.6478802,1.121013,1.389005,1.443569,0.9026157,0.437253,0.1036673,0.0156228,0.05368289,0.2064479,0.5864751,1.259443,2.255432,3.600624,5.264236,6.954547,
0.8135743,1.427161,1.803063,1.926959,1.467835,0.824066,0.2950157,0.02504612,0.02523003,0.1111416,0.3706669,0.864696,1.661874,2.771611,4.163649,5.808709,
1,1.775514,2.280714,2.494405,2.31456,1.420629,0.664735,0.1511509,0.02504612,0.06310634,0.2097369,0.5662467,1.179325,2.056038,3.20677,4.587105,
1.205642,2.163815,2.819788,3.14466,3.075184,2.20367,1.201586,0.418988,0.03465353,0.03446927,0.115504,0.3534958,0.7900814,1.475189,2.399326,3.517365,
1.428242,2.588327,3.41591,3.873614,3.95659,3.305229,1.985526,0.9028884,0.1988187,0.03446927,0.06966026,0.1996057,0.5076097,1.020634,1.726192,2.623637,
1.664834,3.04386,4.062521,4.674242,4.868403,4.354146,2.990379,1.589416,0.5413136,0.04371548,0.04300683,0.1133834,0.3137776,0.6662277,1.201934,1.898868,
1.911814,3.523882,1.707107,1.474168,1.187643,0.8803201,0.5857867,0.3338226,0.1464467,0.03519124,7.993606E-15,0.02988983,0.1052504,0.2014089,0.2928931,0.3577257,
2.165009,4.020648,3.653904,3.171629,2.576514,1.934982,1.31524,0.778028,0.3686619,0.1115367,0.007870106,0.007085133,0.06264416,0.2151011,0.4061493,0.5523695,
2.419801,4.525399,6.209421,5.32845,4.457395,3.476939,2.490095,1.593484,0.8646967,0.3527384,0.07295138,0.007085133,0.03004827,0.1061684,0.2744157,0.5315598,
2.671242,5.028603,6.953613,7.72654,6.565607,5.227162,3.849748,2.566775,1.489142,0.6915953,0.2047845,0.01408317,0.01237238,0.05121145,0.1526897,0.3099581,
2.914215,5.520222,7.68872,9.320831,9.128073,7.467762,5.699027,3.992098,2.495939,1.319845,0.5213468,0.1021278,0.01237238,0.02783844,0.07482881,0.1731016,
3.143568,5.990015,8.399658,10.26308,11.51158,9.925089,7.750435,5.600927,3.664321,2.085295,0.9492013,0.2750283,0.01842652,0.01578981,0.0385512,0.09377006,
3.354281,6.427835,9.071266,11.16502,12.63029,12.81708,10.27756,7.690072,5.280985,3.23491,1.673609,0.6447476,0.1219372,0.01578981,0.02432942,0.0466246,
3.541628,6.823956,9.688752,12.00698,13.69003,14.69668,12.99848,9.964214,7.070054,4.541037,2.535942,1.131827,0.3210545,0.02097189,0.0175503,0.02732439,
3.701313,7.169376,10.23817,12.77,14.66709,15.87881,16.12341,12.68961,9.321411,6.283856,3.777042,1.915766,0.7222982,0.1330222,0.0175503,0.02078855,
3.829615,7.456094,10.70686,13.43658,15.53906,16.95478,17.6734,15.57775,11.7335,8.181603,5.163701,2.832692,1.241234,0.345337,0.0220649,0.01811889,
3.923511,7.677374,3.627748,3.284268,2.84898,2.360388,1.859047,1.382683,0.9619397,0.6173165,0.3577258,0.1808078,0.07489994,0.02229517,0.003238257,0,
3.980762,7.827969,7.310555,6.620934,5.746776,4.765229,3.757568,2.799438,1.952332,1.257468,0.7328836,0.3740686,0.1578889,0.04909781,0.008322682,0.0002073447,
4,7.904273,11.52928,10.3187,9.096277,7.673619,6.170722,4.704042,3.373076,2.24997,1.373554,0.7485043,0.3495831,0.1301051,0.0331739,0.003814806,
3.980762,7.88522,11.58708,14.0015,12.43295,10.57141,8.575563,6.602563,4.78983,3.240363,2.013705,1.123662,0.5428439,0.213094,0.05997654,0.00889923,
3.92351,7.771269,11.45627,14.79724,16.06547,13.86151,11.43119,8.97016,6.656375,4.630544,2.982854,1.747622,0.9063931,0.3986809,0.1384277,0.03338125,
3.829615,7.584394,11.21577,14.50716,17.42373,17.08102,14.22505,11.28542,8.480237,5.987562,3.927859,2.355611,1.260979,0.5808819,0.2174252,0.06054513,
3.701313,7.329061,10.87158,14.07986,16.95714,19.35605,17.3632,14.01045,10.73945,7.767924,5.253207,3.279603,1.85703,0.9306756,0.3997739,0.1422346,
3.541627,7.011303,10.4319,13.52568,16.33229,18.67125,20.38735,16.6371,12.91676,9.483108,6.529694,4.170016,2.433161,1.272063,0.5826424,0.2304376,
3.35428,6.638547,9.907145,12.85792,15.56449,17.81678,19.73034,19.57698,15.47958,11.61616,8.218571,5.435833,3.325629,1.859575,0.9409757,0.4318433,
3.143564,6.219362,9.309511,12.09233,14.67225,16.81379,18.66524,20.08962,17.92599,13.65573,9.836871,6.653094,4.189825,2.436579,1.303365,0.6481082,
2.914214,5.763193,2.660116,2.367217,2,1.594353,1.187643,0.8139594,0.4999999,0.2621608,0.1052504,0.02296328,0,0.01546613,0.04699047,0.07489994,
2.67124,5.280042,5.088329,4.51597,3.799622,3.010365,2.222087,1.502002,0.9024544,0.4551477,0.1686081,0.02917629,0.005287287,0.03883919,0.09926862,0.1669781,
2.419797,4.780184,7.220397,6.732748,5.761191,4.650644,3.509117,2.439176,1.525072,0.8229322,0.3554081,0.1114635,0.05121403,0.08140804,0.1744913,0.2800769,
2.165009,4.273841,6.475426,8.424441,7.499192,6.088915,4.620138,3.229783,2.032875,1.108745,0.4929074,0.1756933,0.1076989,0.1808665,0.2861487,0.433968,
1.911813,3.770859,5.731161,7.455114,9.137236,7.696172,5.965884,4.287144,2.807837,1.636608,0.8308023,0.3923832,0.2722733,0.3091082,0.47376,0.6438749,
1.664833,3.280451,5.001625,6.503385,7.984282,9.094981,7.127587,5.189548,3.460494,2.077127,1.117283,0.5931741,0.454685,0.5651549,0.7105514,0.9505517,
1.428239,2.810921,4.299607,5.586367,6.869407,7.880833,8.482879,6.353713,4.409468,2.816899,1.680337,1.031125,0.8282859,0.8596646,1.09629,1.327869,
1.205642,2.369456,3.636326,4.719139,5.811777,6.661767,7.527656,7.365739,5.237216,3.469918,2.193354,1.456584,1.226326,1.366239,1.541713,1.87557,
0.9999993,1.961938,3.021133,3.91435,4.827667,5.527796,6.266881,6.846274,6.36332,4.456952,3.044381,2.198351,1.902116,1.917668,2.219793,2.503654,
0.813572,1.59285,2.461325,3.181937,3.930074,4.494694,5.118056,5.618254,6.285911,5.361188,3.847438,2.92919,2.60481,2.766063,2.961943,3.383609,
0.6478797,1.265196,0.5311337,0.4049786,0.2621609,0.1299458,0.03519119,1.998401E-15,0.03806023,0.1522409,0.3338226,0.5634914,0.8139595,1.053825,1.252094,1.382683,
0.5036955,0.9804863,0.9325759,0.6978594,0.4359013,0.200322,0.04372868,0.009062025,0.08426534,0.2736493,0.6051273,1.049294,1.558282,2.072293,2.528021,2.867713,
0.3810792,0.7388045,1.154314,1.025423,0.6839693,0.3624268,0.1384832,0.07892006,0.155509,0.4180884,0.8594366,1.485448,2.236938,3.03245,3.779401,4.387069,
0.2794207,0.5388967,0.8452952,1.073196,0.8586685,0.4728761,0.2081922,0.1552657,0.3011356,0.5997149,1.147543,1.914099,2.874321,3.9344,4.979249,5.888236,
0.1975178,0.3783255,0.5958801,0.7506688,0.9443789,0.6910543,0.4001869,0.3381381,0.4639241,0.864627,1.480035,2.382176,3.508453,4.7982,6.123172,7.339637,
0.1336681,0.2536553,0.401307,0.5009666,0.6400063,0.7621691,0.566124,0.5311255,0.7405933,1.151968,1.899073,2.896049,4.181799,5.657208,7.226416,8.731975,
0.08578616,0.1606858,0.2555579,0.3161115,0.4167731,0.5239301,0.7682206,0.8282854,1.031126,1.554554,2.339612,3.493428,4.89605,6.549018,8.317327,10.0754,
0.05152426,0.09469464,0.151718,0.1868648,0.2633187,0.367735,0.6164085,1.010277,1.425831,1.968345,2.890182,4.104739,5.684175,7.470407,9.428453,11.39313,
0.02840244,0.05069755,0.08235893,0.1032342,0.1671842,0.2784515,0.5408485,0.9741232,1.701619,2.479656,3.442513,4.814063,6.471957,8.449542,10.55166,12.71272,
0.01394252,0.02371656,0.03993694,0.05500342,0.1154645,0.2402996,0.5229281,0.9994274,1.751909,2.861574,4.078882,5.508896,7.339074,9.407666,11.71046,14.02134,
0.005794276,0.009032499,1.278977E-13,0.008539657,0.04699057,0.135652,0.2928936,0.5311343,0.8535541,1.252094,1.707108,2.188773,2.660118,3.081252,3.414215,3.62775,
0.001854133,0.002422712,0.00109302,0.01574291,0.07095648,0.2080886,0.465423,0.8733093,1.446869,2.180729,3.046687,3.994797,4.957826,5.858528,6.618736,7.168996,
0.000369202,0.000369202,0.005092411,0.02338822,0.09064289,0.2517644,0.5658146,1.08274,1.835249,2.829553,4.039776,5.407076,6.843777,8.242094,9.486277,10.4665,
2.318635E-05,0.0002305328,0.005453644,0.03189507,0.1063772,0.2839039,0.6269224,1.205966,2.073133,3.252004,4.728074,6.444618,8.304873,10.18044,11.9249,13.39073,
0,0.0003692066,0.006024863,0.03385614,0.1176815,0.303895,0.6649837,1.274802,2.205966,3.501374,5.163818,7.147873,9.358831,11.65915,13.88176,15.84841,
2.318693E-05,0.0002073447,0.005291778,0.03225628,0.1158164,0.310106,0.6790528,1.305135,2.265195,3.62272,5.399894,7.568659,10.04567,12.6955,15.34196,17.78621,
0.0003692089,2.318693E-05,0.003261444,0.02574075,0.1024868,0.287964,0.6543499,1.285148,2.258309,3.647878,5.481767,7.760283,10.41764,13.32994,16.32325,19.18972,
0.001854159,0.0005917803,0.001116187,0.01685902,0.08142095,0.2492552,0.5933553,1.19815,2.150499,3.528056,5.380074,7.730157,10.52933,13.61605,16.86742,20.07803,
0.005794339,0.004176073,0.0005917803,0.00913136,0.05664616,0.1995011,0.5099658,1.073282,1.978042,3.303797,5.109699,7.423934,10.22896,13.47152,17.0248,20.49517,
0.01394264,0.01486656,0.002352292,0.00313713,0.03369716,0.1461963,0.4123893,0.920476,1.759487,3.01102,4.73722,6.969403,9.70109,12.88465,16.42559,20.20211,
0.02840264,0.03623793,0.008539668,1.74083E-13,0.01546601,0.07612026,0.2014087,0.4049782,0.6913411,1.053824,1.474167,1.923879,2.367216,2.765366,3.081249,3.284266,
0.05152426,0.07157301,0.03130114,0.003417474,0.004343293,0.05162355,0.2151015,0.5354004,1.002523,1.62856,2.389453,3.239294,4.114626,4.941572,5.644802,6.157049,
0.08578658,0.1264243,0.1059899,0.02742331,0.003417474,0.02638074,0.1325569,0.4190346,0.9772619,1.816483,2.816203,3.983806,5.239293,6.481843,7.601688,8.49378,
0.1336686,0.2057743,0.2023661,0.08560658,0.008704796,0.009630478,0.07298809,0.2827251,0.7279979,1.509531,2.699748,4.232215,5.783427,7.388046,8.910055,10.21049,
0.1975178,0.3144764,0.341426,0.2209496,0.05567396,0.008704796,0.03859465,0.1694662,0.5115923,1.154875,2.171809,3.624485,5.528735,7.707307,9.576818,11.27044,
0.2794216,0.4569947,0.5192173,0.4081392,0.1641292,0.01579,0.01657481,0.09291999,0.3371546,0.8358856,1.68525,2.938988,4.61534,6.710815,9.172991,11.68565,
0.3810804,0.637148,0.7498884,0.6724881,0.3817598,0.09264916,0.01579,0.05098102,0.1982121,0.5731882,1.256762,2.301991,3.753211,5.600797,7.796612,10.27697,
0.5036969,0.8578725,1.038591,1.013509,0.6871313,0.264396,0.02432767,0.02485184,0.1091166,0.3708339,0.8866854,1.741543,2.96702,4.55511,6.485734,8.690607,
0.6478798,1.121014,1.389006,1.44357,1.10839,0.5820824,0.136378,0.02432767,0.06238788,0.2151529,0.5951799,1.268148,2.264136,3.609327,5.272939,7.189887,
0.8135738,1.42716,1.803063,1.92696,1.64666,1.026432,0.3806224,0.03375093,0.03393496,0.1198467,0.3793724,0.8734018,1.67058,2.780316,4.172353,5.817414,
1.000001,1.775515,0.8535545,0.6913428,0.5000009,0.308659,0.1464471,0.03806046,3.991979E-13,0.03805997,0.1464462,0.3086577,0.499999,0.6913407,0.8535523,0.9619386,
1.205642,2.163816,1.897827,1.555288,1.148225,0.7358354,0.3775201,0.1239724,0.009607351,0.009423203,0.09045814,0.3284498,0.6796479,1.037952,1.373389,1.632832,
1.428241,2.588326,3.41591,2.771326,2.153527,1.490669,0.8735548,0.3846002,0.08572814,0.009423203,0.04461431,0.17456,0.4825644,0.9955887,1.569085,1.990706,
1.664834,3.043859,4.062519,4.209985,3.364038,2.427187,1.522544,0.7653496,0.2462977,0.01866925,0.01796082,0.08833751,0.288732,0.6411825,1.176889,1.873823,
1.911813,3.52388,4.750966,5.536686,4.953758,3.749317,2.529341,1.442966,0.6153116,0.1299812,0.01796082,0.04785074,0.1531013,0.3949972,0.7830346,1.291802,
2.165009,4.020646,5.470676,6.448427,6.786498,5.299018,3.742426,2.300571,1.134011,0.3578341,0.0265393,0.02504599,0.08060515,0.2330623,0.4874943,0.8592145,
2.4198,4.525398,6.209419,7.394557,8.042781,7.243052,5.35909,3.537037,1.973839,0.821603,0.1677412,0.02504599,0.0480092,0.1241295,0.292377,0.5495214,
2.671243,5.028604,6.953614,8.358174,9.19418,9.437146,7.213785,4.993962,3.011685,1.456945,0.4510821,0.03275244,0.03033317,0.06917205,0.1706501,0.3279186,
2.914216,5.520225,7.688722,9.320833,10.35818,10.78854,9.465142,6.861094,4.439494,2.428988,0.990212,0.1969178,0.03033317,0.04579912,0.09278928,0.1910618,
3.143569,5.990019,8.399663,10.26308,11.51158,12.12331,11.96042,8.964967,6.091509,3.607839,1.714551,0.5213262,0.03709584,0.03375055,0.05651181,0.1117304,
3.35428,6.427835,3.08125,2.765366,2.367217,1.923879,1.474167,1.053825,0.6913413,0.4049784,0.2014088,0.07612029,0.01546607,5.684342E-14,0.008539646,0.02229524,
3.541628,6.823956,6.342166,5.701075,4.892226,3.990261,3.073392,2.213778,1.469126,0.8767151,0.4506471,0.1826252,0.04602616,0.002545362,0.001760507,0.01153461,
3.701313,7.169376,10.23817,9.098209,7.950493,6.62237,5.230211,3.886215,2.685163,1.694212,0.9471099,0.4435654,0.1536708,0.02655103,0.001760507,0.004998764,
3.829616,7.456094,10.70686,12.62183,11.13025,9.368686,7.49196,5.65266,3.983067,2.580676,1.499379,0.7473968,0.2920325,0.07030869,0.003638381,0.002329083,
3.923511,7.677376,11.08384,13.99113,14.71624,12.59857,10.27601,7.94007,5.763889,3.882895,2.381709,1.289016,0.5808823,0.191709,0.03088232,0.002329083,
3.980763,7.827969,11.36018,14.42051,16.88892,15.89548,13.12626,10.2914,7.604993,5.240535,3.313559,1.873448,0.9052858,0.3411304,0.07863139,0.003845728,
4,7.904273,11.52928,14.71446,17.33472,19.30872,16.40891,13.121,9.930463,7.05192,4.639133,2.772487,1.457791,0.6360874,0.2025877,0.03145887,
3.980762,7.88522,11.58708,14.86595,17.61226,19.73956,19.70581,15.97125,12.28179,8.893023,5.996772,3.704338,2.042223,0.9604909,0.3520091,0.07920794,
3.923511,7.77127,11.45627,14.79724,17.71493,19.97265,21.59861,19.20834,15.07334,11.18793,7.784803,5.013201,2.930376,1.506889,0.6444101,0.2027951,
3.829615,7.584395,11.21577,14.50716,17.42373,19.85398,21.76724,22.41567,17.84892,13.47952,9.580521,6.338678,3.841655,2.080261,0.9648222,0.3525777,
3.701312,7.329059,3.414212,3.08125,2.660116,2.188771,1.707106,1.252093,0.8535529,0.5311334,0.2928929,0.1356515,0.04699034,0.008539547,8.881784E-14,0.003238291,
3.541626,7.0113,6.675128,6.016957,5.185124,4.255151,3.30633,2.412046,1.631337,1.002869,0.5421308,0.2421561,0.07755031,0.01108487,0.001760537,0.009774176,
3.354279,6.638544,9.90714,9.115284,7.973475,6.650374,5.262161,3.920883,2.721218,1.730267,0.9817797,0.4755176,0.1816774,0.04953567,0.01883981,0.0240559,
3.143563,6.219359,9.309508,12.01485,10.57492,8.874126,7.064944,5.297371,3.70093,2.370306,1.356632,0.6655307,0.2619653,0.0809679,0.04238636,0.06201055,
2.914214,5.763194,8.65266,11.24669,13.30603,11.33295,9.173643,7.013338,5.018427,3.317369,1.987872,1.052023,0.4798608,0.2005611,0.1192878,0.1172862,
2.671241,5.280043,7.95123,10.34016,12.60104,13.58528,11.09621,8.566947,6.199826,4.156078,2.538914,1.385809,0.670818,0.3162705,0.2117606,0.2372736,
2.419798,4.780186,7.220399,9.392693,11.46946,13.16915,13.24772,10.42518,7.724451,5.34136,3.410617,1.994085,1.080274,0.5948205,0.4200154,0.3925687,
2.165007,4.273838,6.475424,8.424439,10.30673,11.83622,13.25357,12.10391,9.097819,6.406117,4.193838,2.545999,1.464332,0.8765914,0.6566637,0.6520459,
1.911811,3.770856,5.731156,7.455108,9.13723,10.4924,11.77283,12.75583,10.79384,7.835987,5.349229,3.447592,2.154896,1.411336,1.092456,1.01439,
1.664832,3.280448,5.001619,6.503378,7.984274,9.165364,10.30558,11.18087,12.09268,9.142072,6.414655,4.294105,2.824992,1.958624,1.57093,1.491183,
1.428238,2.810918,1.25209,1.053822,0.8139571,0.5634891,0.3338209,0.1522398,0.03805968,1.879386E-12,0.03519172,0.1299468,0.2621623,0.4049804,0.5311358,0.6173188,
1.205642,2.369457,2.296364,1.917768,1.462182,0.9906658,0.5648941,0.2381519,0.04766708,0.009423158,0.08103482,0.2445465,0.5009367,0.8001145,1.087029,1.310415,
0.9999999,1.961939,3.021135,2.807378,2.202047,1.549792,0.9410089,0.4577932,0.1618472,0.0855431,0.1558699,0.3896933,0.7445465,1.192279,1.653668,2.048969,
0.8135725,1.592852,2.461327,3.18194,2.788758,1.980195,1.218147,0.6123775,0.2477593,0.1716395,0.3166165,0.5830469,1.037918,1.608493,2.236552,2.817484,
0.6478786,1.265194,1.962021,2.528962,3.128465,2.541347,1.666018,0.9504321,0.5054611,0.4000007,0.5054628,0.8801088,1.397008,2.091745,2.860588,3.619237,
0.5036947,0.9804845,1.52611,1.959516,2.428641,2.773078,2.023923,1.227209,0.7347037,0.6355904,0.852888,1.220935,1.8749,2.655342,3.565942,4.476209,
0.3810785,0.738803,1.154311,1.474785,1.832768,2.094655,2.45853,1.710271,1.181145,1.068527,1.221379,1.73321,2.40858,3.349071,4.362452,5.424992,
0.2794201,0.5388955,0.8452933,1.073194,1.339522,1.537428,1.847723,2.13546,1.595873,1.512734,1.797983,2.276042,3.122083,4.106044,5.29587,6.471288,
0.197518,0.3783259,0.5958799,0.7506679,0.9443772,1.096158,1.369411,1.697264,2.241146,2.159364,2.393054,3.032616,3.870395,5.045962,6.294815,7.656258,
0.1336682,0.2536556,0.4013076,0.5009672,0.6400061,0.7621682,1.013948,1.352503,1.964854,2.787762,3.193809,3.809068,4.832238,6.01915,7.474177,8.903617,
0.08578627,0.160686,0.04699029,0.01546604,8.881784E-14,0.02296343,0.1052507,0.2621612,0.5000005,0.8139601,1.187644,1.594354,2.000001,2.367218,2.660118,2.848981,
0.05152407,0.09469427,0.06975164,0.01888346,0.004343348,0.04728044,0.1753189,0.439243,0.8597071,1.43722,2.14959,2.952772,3.785102,4.574359,5.246655,5.735918,
0.02840232,0.05069732,0.08235857,0.05040772,0.03434971,0.08046412,0.2486899,0.5802983,1.130586,1.913533,2.911389,4.073471,5.31999,6.550471,7.655612,8.530925,
0.01394245,0.02371643,0.03993674,0.0550032,0.06491002,0.1408551,0.3297031,0.7204276,1.358084,2.290541,3.51276,4.977773,6.598483,8.255701,9.81139,11.12529,
0.005794239,0.009032436,0.01718065,0.03225613,0.09546712,0.2005622,0.433749,0.8608378,1.573982,2.610179,3.997649,5.701533,7.637891,9.679736,11.66992,13.43914,
0.001854138,0.00242272,0.007455837,0.02586835,0.09467292,0.2557709,0.5303332,1.014164,1.776573,2.901156,4.404771,6.285338,8.470586,10.8363,13.21722,15.4247,
0.0003692043,0.0003692043,0.005092409,0.02795617,0.1007683,0.2754808,0.6134967,1.14765,1.976104,3.159256,4.760204,6.76516,9.134317,11.75485,14.46405,17.06498,
2.318635E-05,0.0002305328,0.005453647,0.03189507,0.1109451,0.2940293,0.6506388,1.253648,2.138043,3.392859,5.057777,7.165045,9.662956,12.47098,15.43766,18.36851,
0,0.0003692066,0.006024863,0.03385615,0.1176815,0.308463,0.6751091,1.298518,2.253648,3.566283,5.304673,7.477576,10.07926,13.01724,16.1723,19.36117,
2.31875E-05,0.000207343,0.005291768,0.03225625,0.1158164,0.3101059,0.6836208,1.31526,2.288911,3.670402,5.464804,7.709514,10.37537,13.41593,16.70004,20.07675,
0.0003692158,2.31875E-05,0.003238237,0.02229509,0.07489978,0.1808077,0.3577255,0.6173163,0.9619393,1.382683,1.859046,2.360388,2.848979,3.284267,3.627747,3.847758,
0.001854174,0.0005917894,0.001116176,0.01685897,0.08139761,0.2359974,0.5105781,0.9381404,1.53305,2.289113,3.177274,4.146734,5.129439,6.047387,6.821749,7.382526,
0.005794321,0.004176075,0.0005917894,0.009131392,0.05664622,0.1995012,0.5099427,1.041712,1.791694,2.785144,3.99622,5.366046,6.80685,8.21069,9.461601,10.4495,
0.01394261,0.01486654,0.002352291,0.003137151,0.03369723,0.1461964,0.4123895,0.9204763,1.759465,2.951648,4.384369,6.062602,7.891056,9.742558,11.47161,12.93128,
0.02840258,0.03623785,0.01447621,0.002352291,0.01781834,0.09472356,0.3112264,0.7525836,1.508709,2.665642,4.287457,6.308248,8.429819,10.65642,12.82381,14.75587,
0.05152445,0.07157312,0.04616778,0.005769813,0.006695529,0.05397561,0.2174533,0.5810697,1.242762,2.287346,3.781555,5.766396,8.243328,11.00417,13.53586,15.89961,
0.08578686,0.1264248,0.1059902,0.03336002,0.005769813,0.02873293,0.1349087,0.4213859,0.9796125,1.895027,3.244362,5.06934,7.375905,10.13361,13.27066,16.38483,
0.133669,0.205775,0.2023667,0.1004735,0.01105721,0.01198273,0.07534007,0.2850765,0.7303486,1.511881,2.702097,4.345481,6.459992,9.017711,11.95287,15.17062,
0.1975175,0.3144765,0.3414264,0.2209499,0.06161065,0.01105721,0.04094717,0.1718187,0.5139448,1.157227,2.174161,3.626836,5.531085,7.863716,10.57265,13.56687,
0.2794213,0.4569941,0.5192171,0.4081394,0.178996,0.01814237,0.01892728,0.09527259,0.3395075,0.8382388,1.687603,2.941342,4.617693,6.713167,9.175343,11.91935,
0.3810799,0.6371473,0.2928934,0.2014092,0.1052506,0.02988989,3.197442E-14,0.03519114,0.1464465,0.3338223,0.5857863,0.8803199,1.187642,1.474167,1.707107,1.859046,
0.5036965,0.8578717,0.6943363,0.4942908,0.2789917,0.1002665,0.008537614,0.009061894,0.09332684,0.3550445,0.7867079,1.301256,1.875109,2.445974,2.948361,3.322724,
0.6478808,1.121014,1.389006,0.9907545,0.6373118,0.3055735,0.07361896,0.008537614,0.04659757,0.1993622,0.5793889,1.252357,2.115215,2.928933,3.698066,4.331042,
0.813575,1.427162,1.803065,1.63727,1.127444,0.6182937,0.2164935,0.017961,0.01814478,0.1040562,0.3635811,0.8576095,1.654787,2.764523,3.973204,4.861878,
1.000003,1.775517,2.280718,2.494408,1.861748,1.155327,0.5330566,0.1211031,0.017961,0.05602072,0.2026501,0.5591588,1.172236,2.048947,3.199678,4.580011,
1.205641,2.163816,2.819789,3.144663,2.785496,1.86328,0.995814,0.340466,0.0275683,0.02738426,0.1084194,0.346411,0.7829959,1.468102,2.392238,3.510277,
1.428241,2.588324,3.41591,3.873615,3.956592,2.852415,1.720222,0.7712092,0.1687706,0.02738426,0.06257547,0.1925213,0.5005261,1.013551,1.719108,2.616553,
1.664835,3.04386,4.06252,4.674243,4.868405,4.064458,2.649989,1.383644,0.4627915,0.03663031,0.03592176,0.1062981,0.3066923,0.6591427,1.194849,1.891784,
1.911815,3.523883,4.750968,5.536689,5.861887,5.552383,3.891088,2.289634,1.001922,0.2130239,0.03592176,0.06581148,0.1710617,0.4129569,0.8009937,1.309761,
2.16501,4.02065,5.470681,6.448431,6.925561,6.803389,5.379699,3.428017,1.752306,0.5743285,0.04450047,0.04300684,0.09856571,0.2510223,0.5054538,0.8771729,
2.419801,4.525401,2.188774,1.923882,1.594355,1.234635,0.8803217,0.5634925,0.3086592,0.1299464,0.02989013,6.004086E-13,0.02296305,0.07611999,0.1356511,0.1808071,
2.671245,5.028606,4.616992,4.072639,3.393981,2.650651,1.914769,1.251537,0.7111154,0.3229344,0.09324847,0.00621322,0.005287096,0.04412577,0.1456034,0.2556378,
2.914213,5.520224,7.688722,6.704748,5.723507,4.604724,3.456725,2.382325,1.465948,0.7638079,0.2985551,0.05906658,0.005287096,0.02075327,0.06774382,0.1660164,
3.143566,5.990012,8.399659,9.558564,8.263386,6.75346,5.173921,3.665947,2.349082,1.307268,0.5805399,0.1634919,0.01055652,0.00870457,0.03146606,0.08668514,
3.354281,6.427835,9.071263,11.16503,11.26271,9.412513,7.41452,5.447769,3.671212,2.204919,1.117572,0.4219558,0.07887603,0.00870457,0.01724415,0.03953928,
3.541629,6.823958,9.688752,12.00697,13.69004,12.25365,9.826854,7.387702,5.135074,3.225798,1.757915,0.7631655,0.2095183,0.01310191,0.01046505,0.0202391,
3.701314,7.169378,10.23817,12.77,14.66709,15.51787,12.71885,9.826569,7.079108,4.674084,2.747051,1.359729,0.4995066,0.08996107,0.01046505,0.01370328,
3.829617,7.456096,10.70686,13.43658,15.53906,16.95478,15.75535,12.40612,9.156991,6.246624,3.848463,2.054665,0.8725731,0.2338009,0.01419494,0.01103362,
3.923512,7.677377,11.08384,13.99113,16.28556,17.89945,18.81383,15.42871,11.70424,8.276841,5.361581,3.088957,1.497046,0.5375448,0.09429239,0.01103362,
3.980762,7.82797,11.36018,14.42051,16.88893,18.6904,19.79797,18.55479,14.35846,10.41446,6.979508,4.222531,2.212554,0.9216709,0.2421236,0.01440229,
4,7.904272,3.701312,3.354281,2.914214,2.419798,1.911813,1.428241,0.9999999,0.6478797,0.3810796,0.1975177,0.08578645,0.02840248,0.005794312,0.0003692043,
3.980762,7.88522,7.38412,6.690947,5.81201,4.824639,3.810334,2.844995,1.990392,1.288031,0.7562374,0.3907785,0.1687753,0.0552051,0.01087873,0.0005765473,
3.92351,7.771268,11.45627,10.32224,9.101056,7.679442,6.177366,4.711251,3.380573,2.257467,1.380763,0.7551481,0.3554065,0.1348842,0.03672513,0.006001655,
3.829614,7.584394,11.21577,13.8668,12.30898,10.46008,8.478277,6.520191,4.722669,3.188124,1.975527,1.098143,0.528095,0.2068133,0.05953633,0.01144733,
3.701311,7.329057,10.87157,14.07985,15.75141,13.57751,11.18114,8.756632,6.480538,4.492121,2.880131,1.677512,0.8645549,0.3796888,0.1359772,0.04053205,
3.541625,7.011298,10.4319,13.52568,16.33229,16.56413,13.76641,10.89032,8.151526,5.725538,3.730254,2.217682,1.175693,0.5391798,0.2085738,0.07254889,
3.354281,6.638549,9.907144,12.85792,15.56448,17.81677,16.65091,13.39492,10.22576,7.357253,4.942767,3.062755,1.723538,0.8671002,0.3899889,0.1680465,
3.143566,6.219365,9.309516,12.09234,14.67225,16.81379,18.66524,15.75746,12.17921,8.890497,6.079302,3.853655,2.237492,1.17911,0.5704809,0.2740394,
2.914213,5.763191,8.652659,11.2467,13.67673,15.68669,17.45424,18.40208,14.49246,10.82191,7.614858,5.013011,3.067099,1.742422,0.9368523,0.5080594,
2.67124,5.28004,7.951226,10.34016,12.60103,14.46233,16.12719,17.40918,16.65991,12.63435,9.059105,6.108478,3.858942,2.291797,1.309904,0.7653688,
2.419796,4.780182,2.188769,1.923877,1.594351,1.234631,0.8803186,0.56349,0.3086574,0.1299452,0.02988955,7.993606E-13,0.02296355,0.07612091,0.1356524,0.1808085,
2.165005,4.273835,4.135562,3.621335,2.983219,2.28929,1.60977,1.007693,0.5308712,0.2062899,0.0377594,0.007085379,0.05555972,0.1526168,0.2808626,0.3951302,
1.91181,3.770853,5.731152,5.360391,4.500385,3.529327,2.549867,1.658343,0.9321494,0.4201927,0.1378151,0.0668653,0.1123368,0.25697,0.4455116,0.6385902,
1.664835,3.280454,5.001624,6.503381,5.803765,4.579007,3.327961,2.17918,1.238404,0.5751238,0.2148274,0.1380262,0.2406059,0.4052178,0.6584124,0.9223025,
1.428241,2.810924,4.299612,5.586372,6.869408,5.779346,4.316036,2.937696,1.780668,0.9412113,0.4639215,0.3381374,0.4001872,0.6455847,0.9363519,1.275729,
1.205641,2.369454,3.636326,4.719141,5.81178,6.661772,5.143902,3.566113,2.226847,1.247827,0.6913503,0.5541286,0.7091281,0.9381404,1.327634,1.715632,
0.9999986,1.961937,3.021131,3.914347,4.827666,5.527797,6.156865,4.440008,2.947304,1.828152,1.168694,0.981936,1.05413,1.400471,1.791695,2.289576,
0.8135713,1.592849,2.461323,3.181935,3.930071,4.49469,5.118054,5.191384,3.575721,2.35082,1.625349,1.427187,1.630162,1.918077,2.444746,2.955512,
0.6478776,1.265192,1.962018,2.528958,3.12846,3.574039,4.095207,4.529881,4.487676,3.185458,2.39305,2.159365,2.241149,2.68399,3.170174,3.827432,
0.5036937,0.9804827,1.526107,1.959512,2.428637,2.773073,3.207373,3.591639,4.188535,3.963553,3.137532,2.904315,3.154158,3.499485,4.158189,4.785796,
0.3810799,0.7388058,0.2928933,0.2014091,0.1052506,0.02988986,7.993606E-15,0.03519117,0.1464466,0.3338224,0.5857864,0.88032,1.187642,1.474168,1.707107,1.859047,
0.2794212,0.5388977,0.4976338,0.3310615,0.1608097,0.03697501,0.007870079,0.07634537,0.2574062,0.5906518,1.063276,1.640448,2.269191,2.885104,3.420964,3.81594,
0.1975175,0.378325,0.5958802,0.4986659,0.2799315,0.1123357,0.06686498,0.1378162,0.3850041,0.820898,1.470973,2.29791,3.234802,4.193071,5.073876,5.781354,
0.1336678,0.2536548,0.4013064,0.5009658,0.3593118,0.1670229,0.1302231,0.2598526,0.5402718,1.073048,1.855345,2.886988,4.097534,5.383558,6.621288,7.68268,
0.08578602,0.1606855,0.2555574,0.3161109,0.4167723,0.3091082,0.2722738,0.3923848,0.7598537,1.354233,2.260693,3.4497,4.88699,6.464754,8.043677,9.47027,
0.05152389,0.09469391,0.1517173,0.1868641,0.2633182,0.3677349,0.4246297,0.6062666,0.9899313,1.697074,2.689863,4.025822,5.64045,7.461349,9.344193,11.11948,
0.0284022,0.0506971,0.08235821,0.1032333,0.1671836,0.2784514,0.540849,0.8296095,1.29761,2.043758,3.171244,4.613746,6.393042,8.405819,10.5426,12.62846,
0.0139426,0.02371669,0.03993679,0.05500296,0.1154637,0.2402984,0.522927,0.9994266,1.607395,2.457564,3.642984,5.237627,7.138756,9.32875,11.66674,14.01228,
0.005794312,0.009032562,0.01718085,0.03225631,0.09546687,0.2376453,0.5331918,1.054061,1.85298,2.859488,4.164671,5.831756,7.897743,10.22001,12.74296,15.29448,
0.001854123,0.002422696,0.007455913,0.02586853,0.09467319,0.2557713,0.5674164,1.113608,1.969796,3.180155,4.654081,6.45236,8.600809,11.09615,13.75749,16.49775,
0.0003691997,0.0003691997,0.003238284,0.02229522,0.07490001,0.180808,0.357726,0.617317,0.9619402,1.382684,1.859047,2.360389,2.84898,3.284269,3.627749,3.84776,
2.318578E-05,0.0002305339,0.00545365,0.03004097,0.1052842,0.2681611,0.555966,0.9978774,1.60771,2.378695,3.281205,4.263889,5.258185,6.185647,6.967077,7.532207,
0,0.0003692066,0.006024864,0.03385615,0.1158274,0.3028021,0.6492409,1.203846,1.997877,3.035951,4.290509,5.701004,7.178103,8.612467,9.886959,10.89059,
2.318865E-05,0.0002073396,0.005291748,0.0322562,0.1158163,0.3090882,0.6779597,1.289392,2.194238,3.414631,4.934471,6.69535,8.5988,10.51477,12.29527,13.79142,
0.0003692043,2.318865E-05,0.003261459,0.02574079,0.1024869,0.287964,0.65435,1.284131,2.251332,3.576922,5.273679,7.29486,9.54433,11.88307,14.14252,16.14303,
0.001854143,0.0005917735,0.0011162,0.01685908,0.0814211,0.2492555,0.5933557,1.19815,2.1505,3.52704,5.371513,7.561367,10.06391,12.74274,15.42055,17.8973,
0.005794357,0.004176073,0.0005917735,0.009131332,0.0566461,0.199501,0.5099657,1.073282,1.978042,3.303797,5.1097,7.422918,10.2204,13.14516,16.15695,19.0483,
0.01394268,0.01486659,0.0023523,0.003137105,0.03369708,0.1461961,0.4123889,0.9204754,1.759486,3.01102,4.73722,6.969402,9.70109,12.88363,16.40608,19.62663,
0.0284027,0.03623802,0.0144763,0.0023523,0.01781826,0.09472322,0.3112257,0.7525826,1.508708,2.66564,4.287477,6.409064,9.028314,12.10198,15.5477,19.24915,
0.05152464,0.07157342,0.04616802,0.005769871,0.006695483,0.05397538,0.2174527,0.5810685,1.24276,2.287344,3.781552,5.766392,8.243346,11.17416,14.4821,18.05721,
0.08578711,0.1264252,0.04699091,0.01546639,1.28253E-12,0.02296299,0.1052498,0.2621598,0.4999985,0.8139575,1.18764,1.594351,1.999997,2.367214,2.660113,2.848976,
0.1336683,0.2057745,0.1307932,0.05430547,0.005287252,0.00621308,0.06957092,0.279308,0.6646147,1.188042,1.848403,2.603654,3.393973,4.148751,4.795428,5.268915,
0.1975181,0.3144763,0.3414264,0.1619506,0.04371706,0.005287252,0.035177,0.1660485,0.5081745,1.151457,2.068361,3.083035,4.198007,5.317852,6.337522,7.155816,
0.279422,0.4569952,0.5192174,0.3365666,0.1328284,0.01237251,0.01315721,0.0895022,0.3337364,0.8324671,1.681831,2.935569,4.471904,5.895466,7.264647,8.446354,
0.3810807,0.6371487,0.7498893,0.672489,0.3227611,0.08069243,0.01237251,0.04756341,0.1947941,0.5697699,1.253343,2.298571,3.74979,5.597376,7.602571,9.123692,
0.5036974,0.8578733,1.038593,1.01351,0.6155592,0.2330954,0.02091024,0.02143428,0.1056989,0.3674158,0.8832666,1.738123,2.9636,4.551689,6.482313,8.687184,
0.6478819,1.121016,1.389009,1.443573,1.108393,0.5230849,0.1244218,0.02091024,0.05896994,0.2117338,0.5917597,1.264726,2.260713,3.605903,5.269513,7.18646,
0.8135762,1.427164,1.803067,1.926964,1.646664,0.9548622,0.349323,0.03033375,0.03051728,0.1164283,0.3759525,0.8699797,1.667156,2.77689,4.168925,5.813984,
1,1.775516,2.280718,2.494409,2.314565,1.626408,0.7505674,0.1719056,0.03033375,0.06839396,0.2150241,0.5715333,1.184611,2.061321,3.212051,4.592383,
1.205642,2.163815,2.819789,3.144664,3.075189,2.382499,1.332382,0.4732953,0.03994117,0.03975689,0.1207916,0.3587834,0.7953684,1.480475,2.404611,3.522649,
1.428242,2.588327,1.252095,1.053827,0.8139607,0.5634921,0.3338232,0.1522413,0.03806046,3.73257E-13,0.03519098,0.1299454,0.2621602,0.4049779,0.5311329,0.6173156,
1.664837,3.043863,2.726292,2.312161,1.808752,1.278964,0.7867105,0.387831,0.1223261,0.009062133,0.008537383,0.07891341,0.2793069,0.5550404,0.8064193,1.007923,
1.911816,3.523887,4.750973,3.9846,3.236263,2.409755,1.602167,0.9032365,0.3829544,0.08231418,0.008537383,0.03842689,0.1436767,0.3855713,0.7736071,1.164144,
2.165012,4.020653,5.470686,5.897926,4.88868,3.743738,2.594207,1.564741,0.7564945,0.2338637,0.0169324,0.01562237,0.07118098,0.2236371,0.4780678,0.8497863,
2.419803,4.525405,6.209429,7.394569,6.96783,5.525563,4.019532,2.609867,1.434112,0.5892472,0.1200748,0.01562237,0.03858525,0.114705,0.2829514,0.5400944,
2.671242,5.028605,6.953619,8.358183,9.194192,7.539329,5.658505,3.845744,2.275856,1.079428,0.3271119,0.02314547,0.0209096,0.05974865,0.1612266,0.3184946,
2.914215,5.520223,7.688722,9.320837,10.35818,9.978197,7.747651,5.521535,3.512322,1.889261,0.7578557,0.1492512,0.0209096,0.03637565,0.08336599,0.1816388,
3.143568,5.990015,8.39966,10.26308,11.51159,12.12331,10.0626,7.409685,4.94329,2.872009,1.337034,0.3973556,0.02748881,0.02432703,0.04708842,0.1023073,
3.354283,6.427837,9.071267,11.16503,12.6303,13.43547,12.788,9.738697,6.810423,4.251294,2.243025,0.8812568,0.1690608,0.02432703,0.03286655,0.05516157,
3.54163,6.823961,9.688756,12.00698,13.69004,14.69668,15.03469,12.27638,8.878814,5.820006,3.322657,1.51966,0.4433822,0.03003424,0.02608749,0.03586148,
3.701315,7.16938,3.414216,3.081252,2.660118,2.188773,1.707108,1.252095,0.8535543,0.5311346,0.2928937,0.1356521,0.04699068,0.008539691,2.273737E-13,0.003238203,
3.829615,7.456095,6.951699,6.279662,5.429171,4.476461,3.5017,2.579269,1.769289,1.11155,0.6226646,0.2967499,0.1094075,0.02428257,0.001093008,0.0005685848,
3.923511,7.677374,11.08384,9.896894,8.699285,7.308195,5.842412,4.416965,3.129769,2.051286,1.218631,0.6347993,0.2729688,0.08502872,0.01287096,0.0005685848,
3.980762,7.827969,11.36018,13.57263,12.02644,10.1944,8.234029,6.301138,4.531601,3.026757,1.844434,0.9967332,0.4546388,0.1585053,0.03260525,0.001300353,
4,7.904273,11.52928,14.71446,15.7089,13.52392,11.11853,8.687407,6.407358,4.4178,2.807524,1.60941,0.8035747,0.3281739,0.09590746,0.0134475,
3.980762,7.885219,11.58708,14.86595,17.61226,16.85108,14.00473,11.07902,8.291531,5.819632,3.782994,2.235212,1.165509,0.5098438,0.169384,0.0331818,
3.923509,7.771267,11.45627,14.79723,17.71492,19.97265,17.28149,13.91797,10.63974,7.664825,5.150683,3.181592,1.767298,0.8526723,0.3364965,0.0961148,
3.829614,7.584393,11.21577,14.50716,17.42373,19.85397,20.50471,16.71459,12.9567,9.489262,6.507128,4.124899,2.372528,1.203546,0.514175,0.1699526,
3.701313,7.329061,10.87158,14.07986,16.95714,19.35604,21.3196,19.86076,15.68725,11.75129,8.287489,5.447432,3.290999,1.791581,0.8537653,0.3403034,
3.541627,7.011303,10.4319,13.52568,16.33229,18.67125,20.62274,22.11522,18.34593,13.95957,10.03139,6.749284,4.202449,2.383613,1.205307,0.5271873,
3.35428,6.638547,3.08125,2.765366,2.367217,1.923879,1.474167,1.053825,0.6913412,0.4049782,0.2014087,0.07612026,0.01546605,8.881784E-14,0.008539657,0.02229525,
3.143564,6.219362,5.960684,5.339721,4.557962,3.689004,2.809794,1.991042,1.288886,0.7389693,0.3537635,0.1234002,0.01980928,0.003417536,0.02276166,0.05171026,
2.914211,5.763188,8.652655,8.02282,6.95611,5.726693,4.447147,3.225343,2.151368,1.287492,0.662583,0.2716518,0.08046348,0.0343499,0.05040832,0.09766199,
2.671238,5.280036,7.951221,10.34015,9.139338,7.568324,5.911088,4.311794,2.893495,1.744032,0.9075766,0.3829394,0.1286876,0.07411509,0.1181528,0.1703965,
2.419795,4.780179,7.220389,9.39268,11.41679,9.60675,7.641454,5.698678,3.936453,2.474299,1.380739,0.6687959,0.2999029,0.1954242,0.2097678,0.2989618,
2.165009,4.273841,6.475423,8.424436,10.30672,11.42863,9.178095,6.918782,4.842665,3.099785,1.781791,0.9146618,0.4614623,0.3344613,0.4001649,0.4692446,
1.911813,3.770859,5.731161,7.455114,9.137233,10.4924,10.92199,8.419481,6.067339,4.04799,2.482169,1.417714,0.8296058,0.6309646,0.6273549,0.7578911,
1.664833,3.280451,5.001624,6.503385,7.984281,9.165373,10.30559,9.747505,7.149493,4.886918,3.108322,1.882058,1.193654,0.9557533,1.028798,1.104147,
1.428239,2.810921,4.299607,5.586366,6.869406,7.880833,8.881593,9.651434,8.541806,6.076401,4.091719,2.682492,1.853617,1.527467,1.486888,1.646116,
1.205639,2.369452,3.636322,4.719135,5.811773,6.661764,7.527653,8.197817,8.977112,7.158916,5.003145,3.447625,2.515211,2.136587,2.168939,2.26617,
0.9999973,2.167576,3.021127,3.914342,4.827659,5.52779,6.266876,6.846269,7.565712,8.235878,6.303884,4.609735,3.553485,3.082915,2.990144,3.130881,
0.8135701,1.779274,2.46132,3.387572,3.930065,4.494684,5.118047,5.618247,6.285906,6.94179,7.536438,5.738984,4.595854,4.070504,4.03442,4.153962,
0.6478797,1.265196,1.96202,2.715386,3.128459,3.779679,4.095202,4.529875,5.156107,5.808547,6.77197,7.294554,6.071922,5.47126,5.322598,5.417104,
0.5036955,0.9804862,1.526112,1.959519,2.428642,2.959503,3.207373,3.797278,4.188529,4.849729,5.844583,6.976905,7.547734,6.908012,6.796793,6.938217,
0.3810791,0.7388043,1.154313,1.474787,1.832771,2.094659,2.458531,2.994694,3.389011,4.277548,5.10814,6.315837,7.912547,8.804424,8.615121,8.655842,
0.2794206,0.5388966,0.845295,1.073196,1.339524,1.537431,1.847726,2.178875,2.757092,3.661116,4.562672,6.061666,7.551674,9.402172,10.56192,10.72396,
0.1975184,0.3783268,0.5958812,0.7506695,0.9443793,1.09616,1.369414,1.697266,2.286329,3.051023,4.200902,5.776066,7.391655,9.475552,11.59094,12.92231,
0.1336686,0.2536563,0.4013086,0.5009685,0.6400077,0.7621698,1.01395,1.352504,1.964855,2.787763,4.008816,5.50148,7.416536,9.540408,11.90376,14.19974,
0.08578655,0.1606866,0.2555591,0.3161129,0.4167747,0.5239318,0.7682214,1.129581,1.776111,2.666463,3.966457,5.569759,7.50148,9.783752,12.20052,14.75274,
0.05152424,0.09469458,0.1517184,0.1868655,0.2633198,0.3677365,0.6164103,1.010279,1.699759,2.664346,4.002092,5.731584,7.760506,10.07584,12.66319,15.27632,
0.02840244,0.05069755,0.008539558,3.197442E-14,0.01546616,0.07612059,0.2014092,0.4049789,0.6913421,1.053826,1.474168,1.92388,2.367218,2.765368,3.081252,3.284269,
0.01394252,0.02371656,0.01030003,0.002545398,0.0305602,0.1219714,0.3253593,0.6731464,1.182765,1.851296,2.653051,3.540551,4.448892,5.302927,6.026285,6.550929,
0.005794276,0.009032499,0.01718075,0.01883969,0.04953597,0.1662122,0.414865,0.8564936,1.5267,2.434859,3.558404,4.841825,6.200669,7.530144,8.717142,9.654035,
0.001854108,0.002422672,0.00745588,0.02586852,0.08125666,0.2106342,0.4959836,0.995281,1.772229,2.853876,4.229452,5.846094,7.610878,9.39908,11.06763,12.47192,
0.0003691951,0.0003691951,0.005092406,0.02795622,0.1007686,0.2620648,0.5683603,1.113301,1.957222,3.154913,4.712924,6.589841,8.695074,10.89515,13.02683,14.91539,
2.31852E-05,0.000230535,0.005453655,0.0318951,0.1109452,0.2940297,0.6372229,1.208512,2.103694,3.373977,5.053435,7.117765,9.487638,12.03174,14.57796,16.93129,
0,0.0003692066,0.006024865,0.03385615,0.1176815,0.3084631,0.6751095,1.285103,2.208512,3.531935,5.28579,7.473234,10.03198,12.84192,15.73305,18.50147,
2.318922E-05,0.0002073378,0.005291738,0.03225617,0.1158162,0.3101057,0.6836206,1.31526,2.275495,3.625266,5.430455,7.690631,10.37103,13.36864,16.52473,19.63751,
0.0003692249,2.318922E-05,0.003261399,0.02574057,0.1024864,0.2879633,0.6543489,1.285147,2.262875,3.658177,5.484312,7.790842,10.53961,13.6553,16.99639,20.37248,
0.001854205,0.0005918082,0.001116154,0.01685886,0.0814205,0.2492543,0.5933537,1.198148,2.150496,3.528053,5.384638,7.740452,10.54105,13.73802,17.19278,20.75117,
0.005794284,0.004176074,0.0005918082,0.009131454,0.05664635,0.1995014,0.509966,1.073282,1.978042,3.303796,5.109699,7.423934,10.23353,13.48182,17.03651,20.77998,
0.01394254,0.01486648,0.002352285,0.0031372,0.03369738,0.1461968,0.4123901,0.9204772,1.759489,3.011022,4.737222,6.969405,9.701093,12.88465,16.43015,20.21242,
0.02840246,0.03623767,0.01447612,0.002352285,0.01781843,0.09472389,0.3112271,0.7525848,1.508711,2.665645,4.287483,6.409071,9.02832,12.10199,15.54771,19.25018,
0.05152429,0.07157286,0.04616755,0.005769765,0.00669557,0.05397581,0.2174538,0.5810707,1.242764,2.287349,3.781559,5.7664,8.243356,11.17417,14.48211,18.05722,
0.08578662,0.1264244,0.1059897,0.03335979,0.005769765,0.02873301,0.1349091,0.4213867,0.979614,1.895029,3.244365,5.069344,7.37591,10.13362,13.27069,16.68327,
0.1336687,0.2057744,0.202366,0.100473,0.0110571,0.01198276,0.07534034,0.2850773,0.73035,1.511883,2.7021,4.345486,6.459999,9.017717,11.95288,15.17063,
0.1975185,0.3144772,0.3414267,0.2209499,0.06161069,0.0110571,0.04094666,0.1718176,0.513943,1.157225,2.174159,3.626833,5.531083,7.863714,10.57265,13.56687,
0.2794226,0.4569963,0.5192189,0.4081402,0.1789963,0.01814245,0.01892695,0.09527163,0.3395052,0.838235,1.687598,2.941335,4.617686,6.713159,9.175334,11.91934,
0.3810815,0.63715,0.749891,0.6724902,0.3817611,0.09858636,0.01814245,0.05333313,0.2005632,0.5755381,1.259111,2.304337,3.755555,5.603138,7.798953,10.27931,
0.5036983,0.8578749,1.038595,1.013512,0.6871337,0.2792639,0.02668029,0.0272041,0.1114683,0.3731846,0.8890343,1.74389,2.969365,4.557452,6.488075,8.692944,
0.6478829,1.121018,0.5311367,0.4049812,0.262163,0.1299472,0.03519194,3.810507E-12,0.03805945,0.1522394,0.3338202,0.5634884,0.8139559,1.053821,1.252089,1.382679,
0.8135772,1.427166,1.213189,0.9429372,0.633156,0.3393041,0.1162282,0.00942364,0.00960691,0.09551752,0.3550409,0.7609938,1.211709,1.677897,2.098089,2.415899,
1.000005,1.775522,2.280725,1.760439,1.275978,0.7801811,0.3574321,0.08267681,0.00942364,0.04748284,0.1941108,0.5506177,1.163693,1.903046,2.531446,3.060024,
1.20564,2.163818,2.819793,2.768479,2.091164,1.368992,0.7168249,0.2402008,0.01903081,0.01884702,0.09988248,0.3378741,0.7744578,1.459563,2.383697,3.310727,
1.428239,2.588322,3.41591,3.873617,3.22262,2.266644,1.345075,0.5955839,0.130344,0.01884702,0.05403845,0.1839848,0.4919903,1.005015,1.710572,2.608015,
1.664834,3.043857,4.062515,4.674242,4.577227,3.370124,2.1557,1.104654,0.3625258,0.02809271,0.02738463,0.0977613,0.2981561,0.6506072,1.186315,1.88325,
1.911813,3.52388,4.750964,5.536683,5.861885,4.81841,3.305315,1.914486,0.8262954,0.174597,0.02738463,0.05727454,0.1625251,0.404421,0.7924585,1.301227,
2.165009,4.020647,5.470677,6.448425,6.925554,6.512208,4.685364,2.933727,1.473315,0.4740623,0.03596278,0.03446979,0.09002893,0.242486,0.496918,0.8686381,
2.4198,4.525399,6.209419,7.394557,8.042779,8.15118,6.428184,4.313012,2.445359,1.032587,0.212357,0.03446979,0.05743299,0.1335532,0.3018007,0.5589451,
2.671243,5.028604,6.953614,8.358175,9.194181,9.458794,8.426975,5.9369,3.644841,1.796249,0.5673103,0.04217593,0.03975696,0.07859582,0.1800739,0.3373423,
2.914216,5.520226,7.688723,9.320833,10.35818,10.78854,10.37327,7.930189,5.215468,2.900509,1.201196,0.2415337,0.03975696,0.05522289,0.102213,0.2004855,
3.143569,5.990019,8.399664,10.26308,11.51158,12.12331,11.98207,10.17816,7.034447,4.240996,2.053856,0.6375544,0.04651933,0.04317435,0.0659356,0.1211542,
3.354284,6.427839,9.071272,11.16503,12.6303,13.43546,13.59748,12.36432,9.219078,5.954441,3.254274,1.324597,0.2613434,0.04317435,0.05171379,0.07400871,
3.541631,6.823963,9.688759,12.00698,13.69005,14.69669,15.03469,14.19585,11.64729,7.911164,4.691645,2.236482,0.6835812,0.04906478,0.04493478,0.0547087,
3.701316,7.169382,10.23818,12.77001,14.6671,15.87882,16.4038,16.00953,13.99566,10.22195,6.496573,3.496432,1.402148,0.2724286,0.04493478,0.04817295,
3.829619,7.456099,10.70687,13.43659,15.53907,16.95479,17.67341,17.61396,15.96514,12.75884,8.533831,4.988395,2.34589,0.707864,0.05015784,0.04550332,
3.923512,7.67738,11.08385,13.99114,16.28557,17.89946,18.81384,19.0561,17.8872,15.19339,10.90945,6.83848,3.633749,1.440187,0.27676,0.04550332,
3.980762,7.82797,11.36019,14.42051,16.88893,18.69041,19.79798,20.23059,19.56629,17.22261,13.49172,8.9079,5.146284,2.394988,0.7161867,0.05036518,
4,7.904272,11.52928,14.71447,17.33473,19.30873,20.60223,21.22622,21.04649,19.17523,15.94963,11.30023,7.007255,3.688954,1.451065,0.2773365,
3.980762,7.88522,11.58708,14.86595,17.61226,19.73957,21.20725,22.01898,22.21661,20.85433,17.97885,13.8825,9.076675,5.201489,2.405867,0.7167633,
3.92351,7.771269,3.627748,3.284268,2.848979,2.360388,1.859047,1.382683,0.9619396,0.6173165,0.3577257,0.1808077,0.07489991,0.02229515,0.003238251,3.552714E-15,
3.829615,7.584395,7.165231,6.482677,5.618032,4.648076,3.653638,2.709857,1.877674,1.197732,0.6874964,0.3419055,0.1373167,0.03803802,0.004331254,0.0005685877,
3.701312,7.329059,10.87157,9.907408,8.713436,7.325438,5.862086,4.438313,3.15197,2.073488,1.23998,0.6544749,0.2902148,0.09918233,0.02338815,0.007045129,
3.541626,7.0113,10.4319,13.18219,11.6678,9.873182,7.954407,6.065684,4.341194,2.880544,1.739863,0.9296526,0.4194558,0.1484015,0.03979855,0.01734372,
3.354279,6.638544,9.90714,12.85791,14.79963,12.70369,10.39883,8.075863,5.907438,4.028684,2.524135,1.422605,0.7005008,0.2927601,0.1094826,0.05545769,
3.143563,6.219359,9.309507,12.09233,14.67224,15.3568,12.68297,9.945447,7.354568,5.080163,3.234307,1.863262,0.9494617,0.4228733,0.179703,0.1052647,
2.91421,5.763185,8.65265,11.24668,13.67672,15.68668,15.22696,12.15,9.173405,6.503589,4.286288,2.594377,1.426948,0.7193849,0.3625129,0.227554,
2.671237,5.280033,7.951216,10.34014,12.60102,14.46231,16.12717,14.18497,10.8479,7.809713,5.248769,3.263482,1.86855,1.003768,0.5536675,0.3745921,
2.419793,4.780175,7.220385,9.392673,11.46944,13.16912,14.71596,15.90612,12.86111,9.496335,6.596835,4.292501,2.622628,1.541909,0.9388412,0.6633108,
2.165002,4.273828,6.475409,8.424419,10.30671,11.83619,13.25354,14.34277,14.71584,11.05419,7.847472,5.255855,3.342006,2.074326,1.344164,0.993956,
1.911806,1.85904,1.7071,1.474161,1.187637,0.8803149,0.5857825,0.3338194,0.1464446,0.03519021,7.035261E-12,0.02989078,0.1052522,0.2014114,0.2928961,0.357729,
1.664836,3.280457,3.181296,2.732496,2.182428,1.595787,1.038669,0.5694089,0.2307102,0.04425231,0.008537415,0.07037612,0.2036308,0.3981326,0.6028531,0.7696862,
1.428242,2.810926,4.299615,4.01926,3.282913,2.4666,1.667025,0.9736132,0.4561454,0.1555067,0.07891867,0.1384829,0.3325365,0.608609,0.9292658,1.220169,
1.205642,2.369457,3.63633,4.719146,4.194681,3.173097,2.160683,1.276823,0.6170766,0.2401334,0.1604782,0.2882735,0.5094729,0.8704888,1.290658,1.708545,
